{
  "groups:9": {
    "0:10": {
      "name:8": "Decoration Reward",
      "weight:3": 88,
      "rewards:9": {
        "0:10": {
          "weight:3": 50,
          "items:9": {
            "0:10": {
              "id:8": "minecraft:cobblestone",
              "Count:3": 64,
              "OreDict:8": "",
              "Damage:3": 0
            }
          }
        },
        "1:10": {
          "weight:3": 40,
          "items:9": {
            "0:10": {
              "id:8": "minecraft:stone",
              "Count:3": 64,
              "OreDict:8": "",
              "Damage:3": 1
            },
            "1:10": {
              "id:8": "minecraft:stone",
              "Count:3": 64,
              "OreDict:8": "",
              "Damage:3": 3
            },
            "2:10": {
              "id:8": "minecraft:stone",
              "Count:3": 64,
              "OreDict:8": "",
              "Damage:3": 5
            }
          }
        },
        "2:10": {
          "weight:3": 30,
          "items:9": {
            "0:10": {
              "id:8": "minecraft:stone",
              "Count:3": 32,
              "OreDict:8": "",
              "Damage:3": 0
            }
          }
        },
        "3:10": {
          "weight:3": 30,
          "items:9": {
            "0:10": {
              "id:8": "minecraft:sapling",
              "Count:3": 16,
              "OreDict:8": "",
              "Damage:3": 0
            },
            "1:10": {
              "id:8": "minecraft:log",
              "Count:3": 16,
              "OreDict:8": "",
              "Damage:3": 0
            }
          }
        },
        "4:10": {
          "weight:3": 30,
          "items:9": {
            "0:10": {
              "id:8": "minecraft:sapling",
              "Count:3": 16,
              "OreDict:8": "",
              "Damage:3": 2
            },
            "1:10": {
              "id:8": "minecraft:log",
              "Count:3": 16,
              "OreDict:8": "",
              "Damage:3": 2
            }
          }
        },
        "5:10": {
          "weight:3": 30,
          "items:9": {
            "0:10": {
              "id:8": "minecraft:sapling",
              "Count:3": 16,
              "OreDict:8": "",
              "Damage:3": 1
            },
            "1:10": {
              "id:8": "minecraft:log",
              "Count:3": 16,
              "OreDict:8": "",
              "Damage:3": 1
            }
          }
        },
        "6:10": {
          "weight:3": 30,
          "items:9": {
            "0:10": {
              "id:8": "minecraft:sapling",
              "Count:3": 16,
              "OreDict:8": "",
              "Damage:3": 3
            },
            "1:10": {
              "id:8": "minecraft:log",
              "Count:3": 16,
              "OreDict:8": "",
              "Damage:3": 3
            }
          }
        },
        "7:10": {
          "weight:3": 30,
          "items:9": {
            "0:10": {
              "id:8": "minecraft:sapling",
              "Count:3": 16,
              "OreDict:8": "",
              "Damage:3": 4
            },
            "1:10": {
              "id:8": "minecraft:log2",
              "Count:3": 16,
              "OreDict:8": "",
              "Damage:3": 0
            }
          }
        },
        "8:10": {
          "weight:3": 30,
          "items:9": {
            "0:10": {
              "id:8": "minecraft:sapling",
              "Count:3": 16,
              "OreDict:8": "",
              "Damage:3": 5
            },
            "1:10": {
              "id:8": "minecraft:log2",
              "Count:3": 16,
              "OreDict:8": "",
              "Damage:3": 1
            }
          }
        },
        "9:10": {
          "weight:3": 20,
          "items:9": {
            "0:10": {
              "id:8": "minecraft:glass",
              "Count:3": 16,
              "OreDict:8": "",
              "Damage:3": 0
            }
          }
        }
      }
    },
    "1:10": {
      "name:8": "Food Reward",
      "weight:3": 62,
      "rewards:9": {
        "0:10": {
          "weight:3": 15,
          "items:9": {
            "0:10": {
              "id:8": "minecraft:bread",
              "Count:3": 4,
              "OreDict:8": "",
              "Damage:3": 0
            },
            "1:10": {
              "id:8": "actuallyadditions:item_food",
              "Count:3": 4,
              "OreDict:8": "",
              "Damage:3": 17
            }
          }
        },
        "1:10": {
          "weight:3": 20,
          "items:9": {
            "0:10": {
              "id:8": "minecraft:cooked_mutton",
              "Count:3": 4,
              "OreDict:8": "",
              "Damage:3": 0
            }
          }
        },
        "2:10": {
          "weight:3": 20,
          "items:9": {
            "0:10": {
              "id:8": "minecraft:cooked_beef",
              "Count:3": 4,
              "OreDict:8": "",
              "Damage:3": 0
            }
          }
        },
        "3:10": {
          "weight:3": 20,
          "items:9": {
            "0:10": {
              "id:8": "minecraft:cooked_chicken",
              "Count:3": 4,
              "OreDict:8": "",
              "Damage:3": 0
            }
          }
        },
        "4:10": {
          "weight:3": 20,
          "items:9": {
            "0:10": {
              "id:8": "minecraft:cooked_porkchop",
              "Count:3": 4,
              "OreDict:8": "",
              "Damage:3": 0
            }
          }
        },
        "5:10": {
          "weight:3": 20,
          "items:9": {
            "0:10": {
              "id:8": "minecraft:cooked_fish",
              "Count:3": 4,
              "OreDict:8": "",
              "Damage:3": 0
            }
          }
        },
        "6:10": {
          "weight:3": 10,
          "items:9": {
            "0:10": {
              "id:8": "minecraft:fish",
              "Count:3": 4,
              "OreDict:8": "",
              "Damage:3": 3
            }
          }
        },
        "7:10": {
          "weight:3": 50,
          "items:9": {
            "0:10": {
              "id:8": "minecraft:wheat",
              "Count:3": 16,
              "OreDict:8": "",
              "Damage:3": 0
            }
          }
        },
        "8:10": {
          "weight:3": 40,
          "items:9": {
            "0:10": {
              "id:8": "minecraft:carrot",
              "Count:3": 16,
              "OreDict:8": "",
              "Damage:3": 0
            }
          }
        },
        "9:10": {
          "weight:3": 40,
          "items:9": {
            "0:10": {
              "id:8": "minecraft:potato",
              "Count:3": 16,
              "OreDict:8": "",
              "Damage:3": 0
            }
          }
        },
        "10:10": {
          "weight:3": 40,
          "items:9": {
            "0:10": {
              "id:8": "minecraft:melon",
              "Count:3": 16,
              "OreDict:8": "",
              "Damage:3": 0
            }
          }
        }
      }
    },
    "2:10": {
      "name:8": "Resource Reward",
      "weight:3": 36,
      "rewards:9": {
        "0:10": {
          "weight:3": 50,
          "items:9": {
            "0:10": {
              "id:8": "minecraft:coal",
              "Count:3": 16,
              "OreDict:8": "",
              "Damage:3": 1
            }
          }
        },
        "1:10": {
          "weight:3": 45,
          "items:9": {
            "0:10": {
              "id:8": "minecraft:coal",
              "Count:3": 12,
              "OreDict:8": "",
              "Damage:3": 0
            }
          }
        },
        "2:10": {
          "weight:3": 40,
          "items:9": {
            "0:10": {
              "id:8": "minecraft:iron_ingot",
              "Count:3": 4,
              "OreDict:8": "",
              "Damage:3": 0
            }
          }
        },
        "3:10": {
          "weight:3": 30,
          "items:9": {
            "0:10": {
              "id:8": "minecraft:gold_ingot",
              "Count:3": 2,
              "OreDict:8": "",
              "Damage:3": 0
            }
          }
        },
        "4:10": {
          "weight:3": 35,
          "items:9": {
            "0:10": {
              "id:8": "minecraft:redstone",
              "Count:3": 12,
              "OreDict:8": "",
              "Damage:3": 0
            }
          }
        },
        "5:10": {
          "weight:3": 35,
          "items:9": {
            "0:10": {
              "id:8": "minecraft:dye",
              "Count:3": 12,
              "OreDict:8": "",
              "Damage:3": 4
            }
          }
        },
        "6:10": {
          "weight:3": 15,
          "items:9": {
            "0:10": {
              "id:8": "minecraft:diamond",
              "Count:3": 2,
              "OreDict:8": "",
              "Damage:3": 0
            }
          }
        },
        "7:10": {
          "weight:3": 10,
          "items:9": {
            "0:10": {
              "id:8": "minecraft:emerald",
              "Count:3": 1,
              "OreDict:8": "",
              "Damage:3": 0
            }
          }
        },
        "8:10": {
          "weight:3": 40,
          "items:9": {
            "0:10": {
              "id:8": "thermalfoundation:material",
              "Count:3": 4,
              "OreDict:8": "",
              "Damage:3": 128
            }
          }
        },
        "9:10": {
          "weight:3": 40,
          "items:9": {
            "0:10": {
              "id:8": "thermalfoundation:material",
              "Count:3": 4,
              "OreDict:8": "",
              "Damage:3": 129
            }
          }
        },
        "10:10": {
          "weight:3": 40,
          "items:9": {
            "0:10": {
              "id:8": "thermalfoundation:material",
              "Count:3": 4,
              "OreDict:8": "",
              "Damage:3": 131
            }
          }
        },
        "11:10": {
          "weight:3": 40,
          "items:9": {
            "0:10": {
              "id:8": "thermalfoundation:material",
              "Count:3": 4,
              "OreDict:8": "",
              "Damage:3": 130
            }
          }
        },
        "12:10": {
          "weight:3": 40,
          "items:9": {
            "0:10": {
              "id:8": "thermalfoundation:material",
              "Count:3": 4,
              "OreDict:8": "",
              "Damage:3": 133
            }
          }
        },
        "13:10": {
          "weight:3": 15,
          "items:9": {
            "0:10": {
              "id:8": "thermalfoundation:material",
              "Count:3": 1,
              "OreDict:8": "",
              "Damage:3": 134
            }
          }
        },
        "14:10": {
          "weight:3": 20,
          "items:9": {
            "0:10": {
              "id:8": "immersiveengineering:metal",
              "Count:3": 2,
              "OreDict:8": "",
              "Damage:3": 5
            }
          }
        },
        "15:10": {
          "weight:3": 10,
          "items:9": {
            "0:10": {
              "id:8": "thermalfoundation:material",
              "Count:3": 1,
              "OreDict:8": "",
              "Damage:3": 135
            }
          }
        },
        "16:10": {
          "weight:3": 20,
          "items:9": {
            "0:10": {
              "id:8": "minecraft:prismarine_shard",
              "Count:3": 2,
              "OreDict:8": "",
              "Damage:3": 0
            }
          }
        },
        "17:10": {
          "weight:3": 20,
          "items:9": {
            "0:10": {
              "id:8": "appliedenergistics2:material",
              "Count:3": 2,
              "OreDict:8": "",
              "Damage:3": 0
            }
          }
        },
        "18:10": {
          "weight:3": 35,
          "items:9": {
            "0:10": {
              "id:8": "techreborn:ore",
              "Count:3": 4,
              "OreDict:8": "",
              "Damage:3": 4
            }
          }
        },
        "19:10": {
          "weight:3": 30,
          "items:9": {
            "0:10": {
              "id:8": "techreborn:gem",
              "Count:3": 4,
              "OreDict:8": "",
              "Damage:3": 1
            }
          }
        },
        "20:10": {
          "weight:3": 30,
          "items:9": {
            "0:10": {
              "id:8": "techreborn:gem",
              "Count:3": 4,
              "OreDict:8": "",
              "Damage:3": 2
            }
          }
        },
        "21:10": {
          "weight:3": 1,
          "items:9": {
            "0:10": {
              "id:8": "techreborn:gem",
              "Count:3": 4,
              "OreDict:8": "",
              "Damage:3": 0
            }
          }
        }
      }
    },
    "3:10": {
      "name:8": "Tech Reward",
      "weight:3": 10,
      "rewards:9": {
        "0:10": {
          "weight:3": 30,
          "items:9": {
            "0:10": {
              "id:8": "techreborn:part",
              "Count:3": 4,
              "OreDict:8": "",
              "Damage:3": 36
            }
          }
        },
        "1:10": {
          "weight:3": 20,
          "items:9": {
            "0:10": {
              "id:8": "techreborn:part",
              "Count:3": 1,
              "OreDict:8": "",
              "Damage:3": 29
            }
          }
        },
        "2:10": {
          "weight:3": 40,
          "items:9": {
            "0:10": {
              "id:8": "techreborn:ingot",
              "Count:3": 2,
              "OreDict:8": "",
              "Damage:3": 19
            }
          }
        },
        "3:10": {
          "weight:3": 40,
          "items:9": {
            "0:10": {
              "id:8": "techreborn:cable",
              "Count:3": 2,
              "OreDict:8": "",
              "Damage:3": 5
            }
          }
        },
        "4:10": {
          "weight:3": 25,
          "items:9": {
            "0:10": {
              "id:8": "techreborn:scrapbox",
              "Count:3": 1,
              "OreDict:8": "",
              "Damage:3": 0
            }
          }
        },
        "5:10": {
          "weight:3": 5,
          "items:9": {
            "0:10": {
              "id:8": "techreborn:uumatter",
              "Count:3": 1,
              "OreDict:8": "",
              "Damage:3": 0
            }
          }
        },
        "6:10": {
          "weight:3": 40,
          "items:9": {
            "0:10": {
              "id:8": "techreborn:part",
              "Count:3": 2,
              "OreDict:8": "",
              "Damage:3": 35
            }
          }
        },
        "7:10": {
          "weight:3": 10,
          "items:9": {
            "0:10": {
              "id:8": "tconstruct:hammer_head",
              "Count:3": 1,
              "tag:10": {
                "Material:8": "cobalt"
              },
              "OreDict:8": "",
              "Damage:3": 0
            }
          }
        },
        "8:10": {
          "weight:3": 15,
          "items:9": {
            "0:10": {
              "id:8": "immersiveengineering:blueprint",
              "Count:3": 1,
              "tag:10": {
                "blueprint:8": "components"
              },
              "OreDict:8": "",
              "Damage:3": 0
            },
            "1:10": {
              "id:8": "immersiveengineering:blueprint",
              "Count:3": 1,
              "tag:10": {
                "blueprint:8": "molds"
              },
              "OreDict:8": "",
              "Damage:3": 0
            },
            "2:10": {
              "id:8": "immersiveengineering:blueprint",
              "Count:3": 1,
              "tag:10": {
                "blueprint:8": "bullet"
              },
              "OreDict:8": "",
              "Damage:3": 0
            },
            "3:10": {
              "id:8": "immersiveengineering:blueprint",
              "Count:3": 1,
              "tag:10": {
                "blueprint:8": "specialBullet"
              },
              "OreDict:8": "",
              "Damage:3": 0
            },
            "4:10": {
              "id:8": "immersiveengineering:blueprint",
              "Count:3": 1,
              "tag:10": {
                "blueprint:8": "electrode"
              },
              "OreDict:8": "",
              "Damage:3": 0
            }
          }
        },
        "9:10": {
          "weight:3": 20,
          "items:9": {
            "0:10": {
              "id:8": "appliedenergistics2:material",
              "Count:3": 4,
              "OreDict:8": "",
              "Damage:3": 20
            }
          }
        },
        "10:10": {
          "weight:3": 20,
          "items:9": {
            "0:10": {
              "id:8": "appliedenergistics2:paint_ball",
              "Count:3": 8,
              "OreDict:8": "",
              "Damage:3": 0
            }
          }
        },
        "11:10": {
          "weight:3": 10,
          "items:9": {
            "0:10": {
              "id:8": "tconstruct:excavator_head",
              "Count:3": 1,
              "tag:10": {
                "Material:8": "cobalt"
              },
              "OreDict:8": "",
              "Damage:3": 0
            }
          }
        },
        "12:10": {
          "weight:3": 10,
          "items:9": {
            "0:10": {
              "id:8": "tconstruct:broad_axe_head",
              "Count:3": 1,
              "tag:10": {
                "Material:8": "cobalt"
              },
              "OreDict:8": "",
              "Damage:3": 0
            }
          }
        },
        "13:10": {
          "weight:3": 20,
          "items:9": {
            "0:10": {
              "id:8": "appliedenergistics2:part",
              "Count:3": 4,
              "OreDict:8": "",
              "Damage:3": 16
            },
            "1:10": {
              "id:8": "refinedstorage:cable",
              "Count:3": 4,
              "OreDict:8": "",
              "Damage:3": 0
            }
          }
        },
        "14:10": {
          "weight:3": 10,
          "items:9": {
            "0:10": {
              "id:8": "actuallyadditions:block_display_stand",
              "Count:3": 1,
              "OreDict:8": "",
              "Damage:3": 0
            }
          }
        },
        "15:10": {
          "weight:3": 10,
          "items:9": {
            "0:10": {
              "id:8": "techreborn:part",
              "Count:3": 1,
              "OreDict:8": "",
              "Damage:3": 30
            }
          }
        }
      }
    }
  }
}